{"cameraMode":{"drawMode":0,"name":"Shaded","section":"Shading Mode"},"sceneLighting":true,"audioPlay":false,"sceneViewState":{"showFog":true,"showMaterialUpdate":true,"showSkybox":true,"showFlares":true,"showImageEffects":true,"showParticleSystems":true},"in2DMode":false,"pivot":{"x":-4.788166522979736,"y":-5.565230369567871,"z":29.74277687072754},"rotation":{"x":0.11566527932882309,"y":-0.05449263006448746,"z":0.006355518475174904,"w":0.9917781949043274},"size":24.73672866821289,"orthographic":false}